{"cameraMode":{"drawMode":0,"name":"Shaded","section":"Shading Mode"},"sceneLighting":true,"audioPlay":false,"sceneViewState":{"m_AlwaysRefresh":false,"showFog":true,"showSkybox":true,"showFlares":true,"showImageEffects":true,"showParticleSystems":true,"showVisualEffectGraphs":true,"m_FxEnabled":true},"in2DMode":false,"pivot":{"x":-0.12179258465766907,"y":0.5129021406173706,"z":0.2453685700893402},"rotation":{"x":-0.08642249554395676,"y":0.8988401293754578,"z":-0.20601527392864228,"w":-0.3770592212677002},"size":2.7548272609710695,"orthographic":false}